conn_id,agent_no_answer,agent_hangup,call_end_direction
c00001,0,0,Completed
c00002,0,0,Completed
c00003,0,0,Completed
c00004,0,0,Completed
c00005,0,0,Completed
c00006,0,0,Completed
c00007,0,0,Completed
c00008,0,0,Completed
c00009,0,0,Completed
c00010,0,0,Completed
c00011,0,0,Transferred
c00012,0,0,Completed
c00013,0,0,Completed
c00014,0,0,Completed
c00015,0,0,Completed
c00016,0,0,Completed
c00017,0,0,Completed
c00018,0,0,Completed
c00019,0,0,Completed
c00020,0,0,Completed
c00021,0,0,Transferred
c00022,0,0,Transferred
c00023,0,0,Transferred
c00024,0,0,Completed
c00025,0,0,Completed
c00026,0,0,Completed
c00027,0,0,Completed
c00028,0,0,Completed
c00029,0,0,Completed
c00030,0,0,Completed
c00031,0,0,Completed
c00032,0,0,Completed
c00033,0,0,Completed
c00034,0,0,Completed
c00035,0,0,Transferred
c00036,0,0,Completed
c00037,1,0,Agent
c00038,0,0,Completed
c00039,0,0,Completed
c00040,0,0,Completed
c00041,0,0,Completed
c00042,0,0,Completed
c00043,0,0,Completed
c00044,0,0,Completed
c00045,0,0,Completed
c00046,0,0,Completed
c00047,0,0,Completed
c00048,0,0,Completed
c00049,0,0,Completed
c00050,0,0,Completed
c00051,0,0,Completed
c00052,0,1,Agent
c00053,0,0,Completed
c00054,0,0,Completed
c00055,0,0,Completed
c00056,0,0,Completed
c00057,0,0,Completed
c00058,0,0,Completed
c00059,0,0,Completed
c00060,0,0,Completed
c00061,0,0,Completed
c00062,0,0,Completed
c00063,0,0,Completed
c00064,0,0,Transferred
c00065,0,0,Completed
c00066,0,0,Completed
c00067,0,0,Completed
c00068,0,0,Transferred
c00069,0,0,Completed
c00070,0,0,Completed
c00071,0,0,Completed
c00072,1,0,Agent
c00073,0,0,Completed
c00074,0,0,Completed
c00075,0,0,Completed
c00076,0,0,Completed
c00077,0,0,Completed
c00078,0,0,Completed
c00079,0,0,Completed
c00080,0,0,Completed
c00081,0,0,Completed
c00082,0,0,Completed
c00083,0,0,Completed
c00084,0,0,Completed
c00085,0,0,Completed
c00086,0,0,Completed
c00087,0,0,Completed
c00088,0,0,Completed
c00089,0,0,Completed
c00090,0,0,Completed
c00091,0,0,Completed
c00092,0,0,Completed
c00093,0,0,Completed
c00094,0,0,Completed
c00095,0,0,Completed
c00096,0,0,Completed
c00097,0,0,Transferred
c00098,0,0,Completed
c00099,0,0,Completed
c00100,0,1,Agent
c00101,0,0,Completed
c00102,0,0,Completed
c00103,0,0,Completed
c00104,0,0,Completed
c00105,0,0,Completed
c00106,0,0,Completed
c00107,0,0,Transferred
c00108,0,0,Completed
c00109,0,0,Completed
c00110,0,0,Transferred
c00111,0,0,Completed
c00112,0,0,Completed
c00113,0,0,Transferred
c00114,0,0,Completed
c00115,0,0,Completed
c00116,0,0,Completed
c00117,0,0,Completed
c00118,0,0,Completed
c00119,0,0,Transferred
c00120,0,0,Completed
c00121,0,0,Transferred
c00122,0,0,Completed
c00123,0,1,Agent
c00124,0,0,Completed
c00125,0,0,Completed
c00126,0,0,Completed
c00127,0,0,Completed
c00128,0,0,Completed
c00129,0,0,Completed
c00130,0,0,Completed
c00131,0,0,Completed
c00132,0,0,Completed
c00133,0,0,Completed
c00134,0,0,Completed
c00135,0,0,Completed
c00136,0,0,Completed
c00137,0,0,Completed
c00138,0,0,Completed
c00139,0,0,Completed
c00140,0,0,Completed
c00141,0,0,Completed
c00142,0,0,Completed
c00143,0,0,Completed
c00144,0,0,Completed
c00145,0,0,Completed
c00146,0,0,Completed
c00147,0,0,Completed
c00148,0,0,Completed
c00149,0,0,Completed
c00150,0,0,Completed
c00151,0,0,Completed
c00152,0,0,Completed
c00153,0,0,Completed
c00154,0,0,Completed
c00155,0,0,Completed
c00156,0,0,Completed
c00157,0,0,Completed
c00158,0,0,Completed
c00159,0,0,Completed
c00160,0,0,Completed
c00161,0,0,Completed
c00162,0,0,Completed
c00163,0,0,Transferred
c00164,0,0,Completed
c00165,0,0,Completed
c00166,0,0,Completed
c00167,0,0,Completed
c00168,0,0,Completed
c00169,0,0,Completed
c00170,0,0,Completed
c00171,0,0,Completed
c00172,0,0,Completed
c00173,0,0,Completed
c00174,0,0,Completed
c00175,0,0,Completed
c00176,0,0,Completed
c00177,0,0,Completed
c00178,0,0,Completed
c00179,0,0,Transferred
c00180,0,0,Completed
c00181,0,0,Completed
c00182,0,0,Completed
c00183,0,0,Completed
c00184,0,0,Completed
c00185,0,0,Completed
c00186,0,0,Completed
c00187,0,0,Completed
c00188,0,0,Completed
c00189,0,0,Completed
c00190,0,0,Completed
c00191,0,0,Completed
c00192,0,0,Completed
c00193,0,0,Completed
c00194,0,0,Completed
c00195,0,0,Completed
c00196,0,0,Completed
c00197,1,0,Agent
c00198,0,0,Completed
c00199,0,0,Completed
c00200,0,0,Completed
c00201,0,0,Completed
c00202,0,0,Completed
c00203,0,0,Completed
c00204,0,0,Completed
c00205,0,0,Completed
c00206,0,0,Completed
c00207,0,0,Completed
c00208,0,0,Completed
c00209,0,0,Completed
c00210,0,0,Completed
c00211,0,0,Completed
c00212,0,0,Completed
c00213,0,0,Completed
c00214,0,0,Completed
c00215,0,0,Completed
c00216,0,0,Completed
c00217,0,0,Completed
c00218,0,0,Completed
c00219,0,0,Completed
c00220,0,0,Completed
c00221,0,0,Completed
c00222,0,0,Completed
c00223,0,0,Completed
c00224,0,0,Completed
c00225,0,0,Completed
c00226,0,0,Completed
c00227,0,0,Completed
c00228,0,0,Completed
c00229,0,0,Completed
c00230,0,0,Completed
c00231,0,0,Transferred
c00232,0,0,Completed
c00233,0,0,Completed
c00234,0,0,Completed
c00235,0,0,Completed
c00236,0,0,Completed
c00237,0,0,Completed
c00238,0,0,Completed
c00239,0,0,Completed
c00240,0,0,Completed
c00241,0,0,Completed
c00242,0,0,Completed
c00243,0,0,Completed
c00244,0,0,Completed
c00245,0,0,Completed
c00246,0,0,Completed
c00247,0,0,Completed
c00248,0,0,Completed
c00249,0,0,Transferred
c00250,0,0,Completed
c00251,0,0,Completed
c00252,0,0,Completed
c00253,0,0,Completed
c00254,0,0,Completed
c00255,1,0,Agent
c00256,0,0,Completed
c00257,0,0,Completed
c00258,0,0,Completed
c00259,0,0,Completed
c00260,0,0,Completed
c00261,0,0,Completed
c00262,0,0,Completed
c00263,0,0,Transferred
c00264,0,0,Completed
c00265,0,0,Completed
c00266,0,0,Completed
c00267,0,0,Completed
c00268,0,0,Completed
c00269,0,0,Completed
c00270,0,0,Completed
c00271,0,0,Completed
c00272,0,0,Completed
c00273,0,0,Completed
c00274,0,0,Completed
c00275,0,0,Transferred
c00276,0,0,Completed
c00277,0,0,Completed
c00278,0,0,Completed
c00279,0,0,Completed
c00280,0,0,Completed
c00281,0,0,Transferred
c00282,0,0,Completed
c00283,0,0,Completed
c00284,0,0,Completed
c00285,0,0,Completed
c00286,0,0,Completed
c00287,0,0,Completed
c00288,0,0,Completed
c00289,0,0,Completed
c00290,0,0,Completed
c00291,0,0,Completed
c00292,0,0,Completed
c00293,0,0,Completed
c00294,0,0,Completed
c00295,0,1,Agent
c00296,0,0,Completed
c00297,0,0,Completed
c00298,0,0,Completed
c00299,0,0,Completed
c00300,0,0,Completed
c00301,0,0,Completed
c00302,0,0,Completed
c00303,0,0,Completed
c00304,0,0,Completed
c00305,0,0,Completed
c00306,0,0,Completed
c00307,0,0,Completed
c00308,0,0,Completed
c00309,0,0,Completed
c00310,0,0,Completed
c00311,0,0,Completed
c00312,0,0,Completed
c00313,0,0,Completed
c00314,0,0,Completed
c00315,0,0,Completed
c00316,0,0,Completed
c00317,0,0,Completed
c00318,0,0,Completed
c00319,0,0,Completed
c00320,0,0,Completed
c00321,0,0,Completed
c00322,0,0,Completed
c00323,0,0,Completed
c00324,0,0,Completed
c00325,0,0,Completed
c00326,0,0,Completed
c00327,0,0,Completed
c00328,1,0,Agent
c00329,0,0,Completed
c00330,0,0,Completed
c00331,1,0,Agent
c00332,0,0,Completed
c00333,0,0,Completed
c00334,0,0,Completed
c00335,0,0,Completed
c00336,0,0,Completed
c00337,0,0,Completed
c00338,0,0,Completed
c00339,0,0,Completed
c00340,0,0,Completed
c00341,0,0,Completed
c00342,0,0,Completed
c00343,0,0,Completed
c00344,0,0,Completed
c00345,0,0,Completed
c00346,0,0,Completed
c00347,0,0,Completed
c00348,0,0,Transferred
c00349,0,0,Completed
c00350,0,0,Completed
c00351,0,0,Completed
c00352,0,0,Completed
c00353,0,0,Completed
c00354,0,0,Completed
c00355,0,0,Completed
c00356,0,0,Completed
c00357,0,0,Completed
c00358,0,0,Completed
c00359,0,0,Completed
c00360,0,0,Completed
c00361,0,0,Completed
c00362,0,0,Completed
c00363,0,0,Completed
c00364,0,0,Completed
c00365,0,0,Completed
c00366,0,0,Completed
c00367,0,0,Completed
c00368,0,0,Completed
c00369,0,0,Completed
c00370,0,0,Completed
c00371,0,0,Completed
c00372,0,0,Completed
c00373,0,0,Completed
c00374,0,0,Completed
c00375,0,0,Completed
c00376,0,0,Completed
c00377,0,0,Completed
c00378,0,0,Completed
c00379,0,0,Completed
c00380,0,0,Completed
c00381,0,0,Completed
c00382,0,0,Completed
c00383,0,0,Completed
c00384,0,0,Completed
c00385,0,0,Completed
c00386,0,0,Completed
c00387,0,0,Completed
c00388,0,0,Completed
c00389,0,0,Transferred
c00390,0,0,Completed
c00391,0,0,Completed
c00392,0,0,Completed
c00393,0,0,Completed
c00394,0,0,Completed
c00395,0,0,Completed
c00396,0,0,Completed
c00397,0,0,Completed
c00398,0,0,Completed
c00399,0,0,Completed
c00400,0,0,Completed
c00401,0,0,Completed
c00402,0,0,Completed
c00403,0,0,Completed
c00404,0,0,Completed
c00405,0,0,Completed
c00406,0,0,Completed
c00407,0,0,Completed
c00408,0,0,Completed
c00409,0,0,Completed
c00410,0,0,Completed
c00411,0,0,Completed
c00412,0,0,Completed
c00413,0,0,Completed
c00414,0,0,Completed
c00415,0,0,Completed
c00416,0,0,Completed
c00417,0,0,Completed
c00418,0,0,Completed
c00419,0,0,Completed
c00420,0,0,Completed
c00421,0,0,Completed
c00422,0,0,Completed
c00423,0,0,Completed
c00424,0,0,Completed
c00425,0,0,Completed
c00426,0,0,Completed
c00427,0,0,Transferred
c00428,0,0,Transferred
c00429,0,0,Completed
c00430,0,0,Completed
c00431,0,0,Transferred
c00432,0,0,Completed
c00433,0,0,Completed
c00434,0,0,Completed
c00435,0,0,Completed
c00436,0,0,Completed
c00437,0,0,Completed
c00438,0,0,Completed
c00439,0,0,Completed
c00440,0,0,Completed
c00441,0,0,Completed
c00442,0,0,Completed
c00443,0,0,Completed
c00444,0,0,Completed
c00445,0,0,Completed
c00446,0,0,Transferred
c00447,0,0,Completed
c00448,0,0,Completed
c00449,0,0,Completed
c00450,0,0,Completed
c00451,0,0,Completed
c00452,0,0,Transferred
c00453,0,0,Completed
c00454,0,0,Completed
c00455,0,0,Completed
c00456,0,0,Completed
c00457,0,0,Completed
c00458,0,0,Completed
c00459,0,0,Completed
c00460,0,0,Completed
c00461,0,0,Completed
c00462,0,0,Completed
c00463,0,0,Completed
c00464,0,0,Completed
c00465,0,0,Completed
c00466,0,0,Completed
c00467,0,0,Completed
c00468,0,0,Completed
c00469,0,0,Completed
c00470,0,0,Completed
c00471,0,0,Completed
c00472,0,0,Completed
c00473,0,0,Transferred
c00474,0,0,Completed
c00475,0,0,Completed
c00476,0,0,Completed
c00477,0,0,Completed
c00478,0,0,Completed
c00479,0,0,Completed
c00480,0,0,Completed
c00481,0,0,Completed
c00482,0,0,Completed
c00483,0,0,Completed
c00484,0,0,Completed
c00485,0,1,Agent
c00486,0,0,Completed
c00487,0,0,Completed
c00488,0,0,Completed
c00489,0,0,Completed
c00490,0,0,Completed
c00491,0,0,Completed
c00492,0,0,Completed
c00493,0,0,Completed
c00494,0,0,Completed
c00495,0,0,Completed
c00496,0,0,Completed
c00497,0,0,Completed
c00498,0,0,Completed
c00499,0,0,Completed
c00500,0,0,Completed
c00501,0,0,Transferred
c00502,0,0,Completed
c00503,0,0,Completed
c00504,0,0,Completed
c00505,0,0,Completed
c00506,0,0,Completed
c00507,0,0,Completed
c00508,0,0,Completed
c00509,0,0,Completed
c00510,0,1,Agent
c00511,0,0,Completed
c00512,0,0,Completed
c00513,0,0,Completed
c00514,1,0,Agent
c00515,0,0,Completed
c00516,0,0,Completed
c00517,0,0,Completed
c00518,0,0,Completed
c00519,0,0,Completed
c00520,0,0,Completed
c00521,0,0,Completed
c00522,0,0,Completed
c00523,0,0,Completed
c00524,0,0,Completed
c00525,0,0,Completed
c00526,0,0,Completed
c00527,0,0,Completed
c00528,0,0,Completed
c00529,0,1,Agent
c00530,0,0,Completed
c00531,0,0,Completed
c00532,0,0,Completed
c00533,0,0,Completed
c00534,0,0,Completed
c00535,0,0,Completed
c00536,0,0,Completed
c00537,0,0,Completed
c00538,0,0,Completed
c00539,0,0,Completed
c00540,0,0,Completed
c00541,0,0,Completed
c00542,0,0,Completed
c00543,0,0,Completed
c00544,0,0,Completed
c00545,0,0,Completed
c00546,0,0,Completed
c00547,0,0,Completed
c00548,0,0,Completed
c00549,0,0,Completed
c00550,0,0,Completed
c00551,0,0,Completed
c00552,0,0,Completed
c00553,0,0,Completed
c00554,0,0,Completed
c00555,0,0,Completed
c00556,0,0,Transferred
c00557,0,0,Completed
c00558,0,0,Completed
c00559,0,0,Completed
c00560,0,0,Completed
c00561,0,0,Completed
c00562,0,0,Completed
c00563,0,0,Completed
c00564,0,0,Completed
c00565,0,1,Agent
c00566,0,0,Completed
c00567,0,0,Completed
c00568,0,0,Completed
c00569,0,0,Completed
c00570,0,0,Completed
c00571,0,0,Completed
c00572,0,0,Completed
c00573,0,0,Transferred
c00574,0,0,Completed
c00575,0,0,Completed
c00576,0,0,Completed
c00577,0,0,Completed
c00578,0,0,Completed
c00579,0,0,Completed
c00580,0,0,Completed
c00581,0,0,Completed
c00582,0,0,Completed
c00583,0,0,Completed
c00584,0,0,Completed
c00585,0,0,Completed
c00586,0,0,Completed
c00587,0,0,Completed
c00588,0,0,Completed
c00589,0,0,Transferred
c00590,0,0,Completed
c00591,0,0,Completed
c00592,0,0,Completed
c00593,0,0,Completed
c00594,0,0,Completed
c00595,0,0,Completed
c00596,0,0,Completed
c00597,0,0,Completed
c00598,0,0,Completed
c00599,0,0,Completed
c00600,0,0,Transferred
c00601,0,0,Completed
c00602,0,0,Completed
c00603,0,0,Completed
c00604,0,0,Completed
c00605,0,0,Completed
c00606,0,0,Completed
c00607,0,0,Completed
c00608,0,0,Completed
c00609,0,0,Completed
c00610,0,0,Completed
c00611,0,0,Completed
c00612,0,0,Completed
c00613,0,0,Completed
c00614,0,0,Completed
c00615,0,0,Completed
c00616,0,0,Completed
c00617,0,0,Completed
c00618,0,0,Completed
c00619,0,0,Completed
c00620,0,0,Completed
c00621,0,0,Completed
c00622,0,0,Completed
c00623,0,0,Completed
c00624,0,1,Agent
c00625,0,0,Completed
c00626,0,0,Completed
c00627,0,0,Completed
c00628,0,0,Completed
c00629,0,1,Agent
c00630,0,0,Completed
c00631,0,0,Completed
c00632,0,0,Completed
c00633,0,0,Completed
c00634,0,0,Completed
c00635,0,0,Completed
c00636,0,0,Completed
c00637,0,0,Completed
c00638,0,0,Completed
c00639,0,0,Completed
c00640,0,0,Completed
c00641,0,0,Completed
c00642,0,0,Completed
c00643,0,0,Transferred
c00644,0,0,Completed
c00645,0,0,Completed
c00646,0,0,Completed
c00647,0,0,Completed
c00648,0,0,Completed
c00649,0,0,Completed
c00650,0,0,Completed
c00651,0,0,Transferred
c00652,0,0,Completed
c00653,0,0,Completed
c00654,0,0,Completed
c00655,0,0,Completed
c00656,0,0,Completed
c00657,0,0,Completed
c00658,0,0,Completed
c00659,0,0,Completed
c00660,0,0,Completed
c00661,0,0,Completed
c00662,0,0,Completed
c00663,0,0,Transferred
c00664,0,0,Completed
c00665,0,0,Completed
c00666,0,0,Transferred
c00667,0,0,Completed
c00668,0,0,Completed
c00669,0,0,Transferred
c00670,0,0,Completed
c00671,0,0,Completed
c00672,0,0,Completed
c00673,0,0,Completed
c00674,0,0,Completed
c00675,0,0,Completed
c00676,0,0,Completed
c00677,0,0,Completed
c00678,0,0,Completed
c00679,0,0,Completed
c00680,0,0,Completed
c00681,0,0,Completed
c00682,0,0,Completed
c00683,0,0,Completed
c00684,0,0,Completed
c00685,0,0,Completed
c00686,0,0,Completed
c00687,0,0,Completed
c00688,0,0,Completed
c00689,0,0,Completed
c00690,0,0,Completed
c00691,0,0,Completed
c00692,0,0,Completed
c00693,0,0,Completed
c00694,0,0,Completed
c00695,0,0,Completed
c00696,0,0,Completed
c00697,0,0,Completed
c00698,0,0,Completed
c00699,0,0,Completed
c00700,0,0,Completed
c00701,0,0,Completed
c00702,0,0,Completed
c00703,0,0,Completed
c00704,0,0,Completed
c00705,0,0,Completed
c00706,0,0,Completed
c00707,0,0,Completed
c00708,0,0,Completed
c00709,0,0,Completed
c00710,0,0,Completed
c00711,0,0,Completed
c00712,0,0,Completed
c00713,0,0,Completed
c00714,0,0,Completed
c00715,0,0,Completed
c00716,0,0,Completed
c00717,0,0,Completed
c00718,0,0,Completed
c00719,0,1,Agent
c00720,0,0,Completed
c00721,0,0,Completed
c00722,0,0,Completed
c00723,0,0,Completed
c00724,0,0,Completed
c00725,0,0,Completed
c00726,0,0,Completed
c00727,0,0,Completed
c00728,0,0,Completed
c00729,0,0,Completed
c00730,0,0,Completed
c00731,0,0,Completed
c00732,0,0,Completed
c00733,0,0,Completed
c00734,0,0,Transferred
c00735,0,0,Completed
c00736,0,0,Completed
c00737,0,0,Completed
c00738,0,0,Completed
c00739,0,0,Completed
c00740,1,0,Agent
c00741,0,0,Completed
c00742,0,0,Completed
c00743,0,0,Completed
c00744,0,0,Completed
c00745,0,0,Completed
c00746,0,0,Completed
c00747,0,0,Completed
c00748,0,0,Completed
c00749,0,0,Transferred
c00750,0,0,Completed
c00751,0,0,Completed
c00752,0,0,Completed
c00753,0,0,Completed
c00754,0,0,Completed
c00755,0,0,Completed
c00756,0,0,Completed
c00757,0,0,Completed
c00758,0,0,Completed
c00759,0,0,Completed
c00760,0,0,Completed
c00761,0,0,Completed
c00762,0,0,Completed
c00763,0,0,Completed
c00764,0,0,Completed
c00765,0,0,Completed
c00766,0,0,Completed
c00767,0,0,Completed
c00768,0,0,Completed
c00769,0,1,Agent
c00770,0,0,Completed
c00771,0,0,Completed
c00772,0,0,Completed
c00773,0,0,Completed
c00774,0,0,Completed
c00775,0,0,Completed
c00776,0,0,Completed
c00777,0,0,Completed
c00778,0,0,Completed
c00779,0,0,Completed
c00780,0,0,Completed
c00781,0,0,Completed
c00782,0,0,Completed
c00783,0,0,Completed
c00784,0,0,Completed
c00785,0,0,Completed
c00786,0,0,Completed
c00787,0,0,Completed
c00788,0,0,Completed
c00789,0,0,Completed
c00790,0,0,Completed
c00791,0,0,Completed
c00792,0,0,Completed
c00793,0,0,Completed
c00794,0,0,Completed
c00795,0,0,Completed
c00796,0,0,Completed
c00797,0,0,Completed
c00798,0,0,Completed
c00799,0,0,Completed
c00800,0,0,Completed
c00801,0,0,Completed
c00802,0,0,Completed
c00803,0,0,Completed
c00804,0,0,Completed
c00805,0,0,Completed
c00806,0,0,Completed
c00807,0,0,Transferred
c00808,0,0,Completed
c00809,0,0,Completed
c00810,0,0,Completed
c00811,1,0,Agent
c00812,0,0,Completed
c00813,0,0,Completed
c00814,0,0,Completed
c00815,0,0,Completed
c00816,0,0,Completed
c00817,0,0,Completed
c00818,0,0,Completed
c00819,0,0,Completed
c00820,0,0,Completed
c00821,0,0,Completed
c00822,0,0,Transferred
c00823,0,0,Completed
c00824,0,0,Completed
c00825,0,0,Transferred
c00826,0,1,Agent
c00827,0,0,Completed
c00828,0,0,Completed
c00829,0,0,Completed
c00830,0,0,Completed
c00831,0,0,Completed
c00832,0,0,Completed
c00833,0,0,Completed
c00834,0,0,Completed
c00835,0,0,Completed
c00836,0,0,Completed
c00837,0,0,Completed
c00838,0,0,Completed
c00839,0,0,Completed
c00840,0,0,Completed
c00841,0,0,Completed
c00842,0,0,Completed
c00843,0,0,Completed
c00844,0,0,Completed
c00845,0,0,Completed
c00846,0,0,Completed
c00847,0,0,Completed
c00848,0,0,Completed
c00849,0,0,Completed
c00850,0,0,Completed
c00851,0,0,Completed
c00852,0,0,Completed
c00853,0,0,Completed
c00854,0,0,Completed
c00855,0,0,Completed
c00856,0,0,Completed
c00857,0,0,Completed
c00858,0,0,Completed
c00859,0,0,Completed
c00860,0,0,Completed
c00861,0,0,Completed
c00862,0,0,Completed
c00863,0,0,Completed
c00864,0,0,Transferred
c00865,0,0,Completed
c00866,0,0,Completed
c00867,0,0,Completed
c00868,0,0,Completed
c00869,0,0,Completed
c00870,0,0,Completed
c00871,0,0,Completed
c00872,0,0,Completed
c00873,0,0,Transferred
c00874,0,0,Completed
c00875,0,0,Completed
c00876,0,0,Completed
c00877,0,0,Completed
c00878,0,0,Completed
c00879,0,0,Completed
c00880,0,0,Completed
c00881,0,0,Transferred
c00882,0,0,Completed
c00883,0,0,Completed
c00884,0,0,Transferred
c00885,0,0,Completed
c00886,0,0,Completed
c00887,0,0,Completed
c00888,0,0,Completed
c00889,0,0,Completed
c00890,0,0,Transferred
c00891,0,0,Completed
c00892,0,0,Completed
c00893,0,0,Completed
c00894,0,0,Completed
c00895,0,0,Completed
c00896,0,0,Completed
c00897,0,0,Transferred
c00898,0,0,Completed
c00899,0,0,Completed
c00900,0,0,Completed
c00901,0,0,Completed
c00902,0,0,Completed
c00903,0,0,Completed
c00904,0,0,Completed
c00905,0,0,Completed
c00906,0,0,Completed
c00907,0,0,Completed
c00908,0,0,Completed
c00909,0,0,Completed
c00910,0,0,Completed
c00911,0,0,Completed
c00912,0,0,Completed
c00913,0,0,Completed
c00914,0,0,Completed
c00915,0,0,Completed
c00916,0,0,Completed
c00917,0,0,Completed
c00918,0,0,Completed
c00919,0,0,Completed
c00920,0,0,Completed
c00921,0,0,Completed
c00922,0,0,Completed
c00923,0,0,Completed
c00924,0,0,Completed
c00925,0,0,Completed
c00926,0,1,Agent
c00927,0,0,Completed
c00928,0,0,Completed
c00929,0,0,Completed
c00930,0,0,Completed
c00931,0,0,Completed
c00932,0,0,Completed
c00933,0,0,Completed
c00934,0,0,Completed
c00935,0,0,Completed
c00936,0,0,Completed
c00937,0,0,Completed
c00938,0,0,Completed
c00939,0,0,Completed
c00940,0,0,Completed
c00941,0,0,Transferred
c00942,0,0,Completed
c00943,0,0,Completed
c00944,0,0,Completed
c00945,0,0,Completed
c00946,0,0,Completed
c00947,0,0,Completed
c00948,0,1,Agent
c00949,0,0,Completed
c00950,0,0,Completed
c00951,0,0,Completed
c00952,0,0,Completed
c00953,0,0,Completed
c00954,0,0,Completed
c00955,0,0,Completed
c00956,0,0,Transferred
c00957,0,0,Completed
c00958,1,0,Agent
c00959,0,0,Completed
c00960,0,0,Completed
c00961,0,0,Completed
c00962,0,0,Completed
c00963,0,0,Completed
c00964,0,0,Completed
c00965,0,0,Completed
c00966,0,0,Completed
c00967,0,0,Completed
c00968,0,0,Completed
c00969,0,0,Completed
c00970,0,0,Completed
c00971,0,0,Completed
c00972,0,0,Transferred
c00973,0,0,Completed
c00974,0,0,Completed
c00975,0,0,Completed
c00976,0,0,Completed
c00977,0,0,Completed
c00978,0,0,Completed
c00979,0,0,Completed
c00980,0,0,Completed
c00981,0,0,Completed
c00982,0,0,Completed
c00983,0,0,Transferred
c00984,0,0,Completed
c00985,0,0,Completed
c00986,0,0,Completed
c00987,0,0,Completed
c00988,0,0,Completed
c00989,0,0,Completed
c00990,0,0,Completed
c00991,0,0,Completed
c00992,0,0,Completed
c00993,0,0,Completed
c00994,0,0,Completed
c00995,0,0,Completed
c00996,0,0,Completed
c00997,0,0,Completed
c00998,0,0,Completed
c00999,0,0,Completed
c01000,0,0,Completed
c01001,0,0,Completed
c01002,0,0,Completed
c01003,0,0,Completed
c01004,0,0,Completed
c01005,0,0,Completed
c01006,0,0,Completed
c01007,0,0,Completed
c01008,0,0,Completed
c01009,0,0,Completed
c01010,0,0,Completed
c01011,0,0,Completed
c01012,0,0,Completed
c01013,0,0,Completed
c01014,0,0,Completed
c01015,0,0,Completed
c01016,0,0,Completed
c01017,0,0,Completed
c01018,1,0,Agent
c01019,0,0,Completed
c01020,0,0,Completed
c01021,0,0,Completed
c01022,0,0,Completed
c01023,0,0,Completed
c01024,0,0,Completed
c01025,0,0,Completed
c01026,0,0,Completed
c01027,0,0,Completed
c01028,0,0,Completed
c01029,0,0,Completed
c01030,0,0,Completed
c01031,0,0,Completed
c01032,0,0,Completed
c01033,0,0,Completed
c01034,0,0,Completed
c01035,0,0,Completed
c01036,0,0,Completed
c01037,0,0,Completed
c01038,0,0,Completed
c01039,0,0,Completed
c01040,0,0,Completed
c01041,0,0,Completed
c01042,0,0,Completed
c01043,0,0,Completed
c01044,0,0,Completed
c01045,0,0,Completed
c01046,0,0,Completed
c01047,0,0,Completed
c01048,0,0,Completed
c01049,0,0,Completed
c01050,0,0,Transferred
c01051,0,0,Completed
c01052,0,0,Completed
c01053,0,0,Completed
c01054,0,0,Completed
c01055,0,0,Completed
c01056,0,0,Completed
c01057,0,0,Completed
c01058,0,0,Completed
c01059,0,0,Completed
c01060,0,0,Completed
c01061,0,0,Completed
c01062,0,0,Completed
c01063,0,0,Completed
c01064,0,0,Completed
c01065,0,0,Completed
c01066,0,0,Completed
c01067,0,0,Completed
c01068,0,0,Completed
c01069,0,0,Completed
c01070,0,0,Transferred
c01071,0,0,Transferred
c01072,0,0,Completed
c01073,0,0,Completed
c01074,0,0,Completed
c01075,0,0,Completed
c01076,0,0,Completed
c01077,0,0,Completed
c01078,0,0,Completed
c01079,0,0,Transferred
c01080,0,0,Completed
c01081,0,0,Completed
c01082,0,0,Completed
c01083,0,0,Completed
c01084,0,0,Completed
c01085,0,0,Completed
c01086,0,0,Completed
c01087,0,0,Completed
c01088,0,0,Completed
c01089,0,0,Completed
c01090,0,0,Completed
c01091,0,0,Completed
c01092,0,0,Completed
c01093,0,0,Completed
c01094,0,0,Completed
c01095,0,0,Completed
c01096,0,0,Completed
c01097,0,0,Transferred
c01098,0,0,Completed
c01099,0,0,Completed
c01100,0,0,Completed
c01101,0,0,Completed
c01102,0,0,Completed
c01103,0,0,Completed
c01104,0,0,Completed
c01105,0,0,Completed
c01106,0,0,Completed
c01107,0,0,Completed
c01108,0,0,Completed
c01109,0,0,Completed
c01110,0,0,Completed
c01111,0,0,Completed
c01112,0,0,Completed
c01113,0,0,Completed
c01114,0,0,Completed
c01115,0,0,Completed
c01116,0,0,Completed
c01117,0,0,Transferred
c01118,0,0,Completed
c01119,0,0,Completed
c01120,0,0,Completed
c01121,0,0,Completed
c01122,0,0,Completed
c01123,0,0,Completed
c01124,0,0,Completed
c01125,0,0,Completed
c01126,0,0,Completed
c01127,0,0,Completed
c01128,0,0,Completed
c01129,0,0,Completed
c01130,0,0,Completed
c01131,0,0,Completed
c01132,0,0,Completed
c01133,0,0,Completed
c01134,1,0,Agent
c01135,0,0,Completed
c01136,0,0,Completed
c01137,0,0,Completed
c01138,0,0,Completed
c01139,0,0,Completed
c01140,0,0,Completed
c01141,0,0,Completed
c01142,0,0,Completed
c01143,0,0,Completed
c01144,0,0,Completed
c01145,0,0,Completed
c01146,0,0,Completed
c01147,0,0,Completed
c01148,0,0,Completed
c01149,0,0,Completed
c01150,0,0,Completed
c01151,0,0,Completed
c01152,0,0,Completed
c01153,0,0,Completed
c01154,0,0,Completed
c01155,0,0,Completed
c01156,0,0,Completed
c01157,0,0,Completed
c01158,0,0,Completed
c01159,0,0,Completed
c01160,0,0,Completed
c01161,0,0,Completed
c01162,0,0,Completed
c01163,0,0,Completed
c01164,0,0,Completed
c01165,0,0,Completed
c01166,0,0,Completed
c01167,0,0,Completed
c01168,0,0,Completed
c01169,0,0,Transferred
c01170,0,0,Completed
c01171,0,0,Completed
c01172,0,0,Completed
c01173,0,0,Completed
c01174,0,0,Completed
c01175,0,0,Completed
c01176,0,0,Completed
c01177,0,0,Completed
c01178,0,0,Completed
c01179,0,0,Completed
c01180,0,0,Transferred
c01181,0,0,Transferred
c01182,0,0,Completed
c01183,0,0,Completed
c01184,0,0,Completed
c01185,0,0,Completed
c01186,0,0,Completed
c01187,0,0,Completed
c01188,0,0,Completed
c01189,0,0,Completed
c01190,0,0,Completed
c01191,0,0,Completed
c01192,0,0,Completed
c01193,0,0,Completed
c01194,0,0,Completed
c01195,0,0,Completed
c01196,0,0,Completed
c01197,0,0,Completed
c01198,0,0,Completed
c01199,1,0,Agent
c01200,0,0,Completed
c01201,0,0,Completed
c01202,0,0,Completed
c01203,0,0,Completed
c01204,0,0,Completed
c01205,0,0,Transferred
c01206,0,0,Completed
c01207,0,0,Completed
c01208,0,0,Completed
c01209,0,0,Completed
c01210,0,0,Completed
c01211,0,0,Completed
c01212,0,0,Completed
c01213,0,0,Completed
c01214,0,0,Completed
c01215,0,0,Completed
c01216,0,0,Completed
c01217,0,0,Completed
c01218,0,0,Completed
c01219,0,0,Completed
c01220,0,0,Completed
c01221,0,0,Completed
c01222,0,0,Completed
c01223,0,0,Completed
c01224,0,0,Completed
c01225,0,0,Completed
c01226,0,0,Completed
c01227,0,0,Completed
c01228,0,0,Completed
c01229,0,0,Completed
c01230,1,0,Agent
c01231,0,0,Completed
c01232,0,0,Completed
c01233,0,0,Completed
c01234,0,0,Completed
c01235,0,0,Completed
c01236,0,0,Completed
c01237,0,0,Completed
c01238,0,0,Completed
c01239,0,0,Completed
c01240,0,0,Completed
c01241,0,0,Completed
c01242,0,0,Completed
c01243,0,0,Completed
c01244,0,0,Completed
c01245,0,0,Completed
c01246,0,0,Completed
c01247,0,0,Completed
c01248,0,0,Completed
c01249,0,0,Completed
c01250,0,0,Completed
c01251,0,0,Completed
c01252,0,0,Completed
c01253,0,0,Completed
c01254,0,0,Completed
c01255,0,0,Completed
c01256,0,0,Completed
c01257,0,0,Completed
c01258,0,0,Completed
c01259,0,0,Completed
c01260,0,0,Completed
c01261,0,0,Completed
c01262,0,0,Completed
c01263,0,0,Completed
c01264,0,0,Completed
c01265,0,0,Completed
c01266,0,0,Transferred
c01267,0,0,Completed
c01268,0,0,Completed
c01269,0,0,Completed
c01270,0,0,Completed
c01271,0,0,Completed
c01272,0,0,Completed
c01273,0,0,Completed
c01274,0,0,Completed
c01275,0,0,Completed
c01276,0,0,Completed
c01277,0,0,Completed
c01278,0,0,Completed
c01279,0,0,Transferred
c01280,0,0,Completed
c01281,0,0,Completed
c01282,0,0,Completed
c01283,0,1,Agent
c01284,0,0,Completed
c01285,0,0,Completed
c01286,0,0,Completed
c01287,0,0,Completed
c01288,0,0,Completed
c01289,0,0,Completed
c01290,0,0,Completed
c01291,0,0,Completed
c01292,0,0,Transferred
c01293,0,0,Completed
c01294,0,0,Completed
c01295,0,0,Completed
c01296,0,0,Completed
c01297,1,0,Agent
c01298,0,0,Completed
c01299,0,0,Completed
c01300,0,0,Completed
c01301,0,0,Completed
c01302,0,0,Completed
c01303,0,0,Completed
c01304,0,0,Completed
c01305,0,0,Completed
c01306,0,0,Completed
c01307,0,0,Completed
c01308,0,0,Completed
c01309,0,0,Completed
c01310,0,0,Transferred
c01311,0,0,Completed
c01312,0,0,Completed
c01313,0,0,Completed
c01314,0,0,Transferred
c01315,0,0,Completed
c01316,0,0,Completed
c01317,0,0,Completed
c01318,0,0,Completed
c01319,0,0,Completed
c01320,0,0,Completed
c01321,0,0,Completed
c01322,0,0,Transferred
c01323,0,0,Completed
c01324,0,0,Completed
c01325,0,0,Completed
c01326,0,0,Completed
c01327,0,0,Completed
c01328,0,0,Completed
c01329,0,1,Agent
c01330,0,0,Completed
c01331,0,0,Completed
c01332,0,0,Completed
c01333,0,0,Completed
c01334,0,0,Completed
c01335,0,0,Completed
c01336,0,0,Completed
c01337,0,0,Completed
c01338,0,1,Agent
c01339,0,0,Completed
c01340,0,0,Completed
c01341,0,0,Completed
c01342,0,0,Completed
c01343,0,0,Completed
c01344,0,0,Completed
c01345,0,0,Completed
c01346,0,0,Completed
c01347,0,0,Transferred
c01348,0,0,Completed
c01349,0,0,Completed
c01350,0,0,Completed
c01351,0,0,Completed
c01352,0,0,Completed
c01353,0,0,Completed
c01354,0,0,Completed
c01355,0,0,Completed
c01356,0,0,Completed
c01357,0,0,Completed
c01358,0,0,Completed
c01359,0,0,Completed
c01360,0,0,Completed
c01361,0,0,Completed
c01362,0,0,Completed
c01363,0,0,Completed
c01364,0,0,Completed
c01365,0,0,Completed
c01366,0,0,Completed
c01367,0,0,Completed
c01368,0,0,Completed
c01369,0,0,Completed
c01370,0,0,Completed
c01371,0,0,Completed
c01372,0,0,Completed
c01373,0,0,Completed
c01374,0,0,Completed
c01375,0,0,Completed
c01376,0,0,Transferred
c01377,0,0,Completed
c01378,0,0,Completed
c01379,0,0,Completed
c01380,0,0,Completed
c01381,0,0,Completed
c01382,0,0,Completed
c01383,0,0,Completed
c01384,0,0,Completed
c01385,0,1,Agent
c01386,0,0,Transferred
c01387,0,0,Completed
c01388,0,0,Completed
c01389,1,0,Agent
c01390,0,0,Completed
c01391,0,0,Completed
c01392,0,0,Completed
c01393,0,0,Transferred
c01394,0,0,Completed
c01395,0,0,Completed
c01396,0,0,Completed
c01397,0,0,Completed
c01398,0,0,Completed
c01399,0,0,Completed
c01400,0,0,Completed
c01401,0,0,Completed
c01402,0,0,Completed
c01403,0,0,Completed
c01404,0,0,Completed
c01405,0,0,Completed
c01406,0,0,Completed
c01407,0,0,Completed
c01408,0,0,Completed
c01409,0,0,Completed
c01410,0,0,Completed
c01411,0,0,Completed
c01412,0,0,Completed
c01413,0,0,Transferred
c01414,0,0,Transferred
c01415,0,0,Completed
c01416,0,0,Completed
c01417,0,0,Completed
c01418,0,0,Completed
c01419,0,0,Completed
c01420,1,0,Agent
c01421,0,0,Completed
c01422,0,0,Completed
c01423,0,0,Completed
c01424,0,0,Completed
c01425,0,1,Agent
c01426,0,0,Completed
c01427,0,0,Completed
c01428,0,0,Completed
c01429,0,0,Completed
c01430,0,0,Completed
c01431,0,0,Completed
c01432,0,0,Completed
c01433,0,0,Completed
c01434,0,0,Completed
c01435,0,0,Completed
c01436,0,0,Completed
c01437,0,0,Completed
c01438,0,0,Completed
c01439,0,0,Completed
c01440,0,0,Completed
c01441,0,0,Completed
c01442,0,0,Completed
c01443,0,0,Completed
c01444,0,0,Completed
c01445,0,0,Completed
c01446,0,0,Completed
c01447,0,0,Completed
c01448,0,0,Completed
c01449,0,0,Completed
c01450,0,0,Completed
c01451,0,0,Transferred
c01452,0,0,Completed
c01453,0,0,Completed
c01454,0,0,Completed
c01455,0,0,Completed
c01456,0,0,Completed
c01457,0,0,Completed
c01458,0,0,Completed
c01459,0,0,Completed
c01460,0,0,Completed
c01461,0,0,Completed
c01462,0,0,Completed
c01463,0,0,Completed
c01464,0,0,Completed
c01465,0,0,Completed
c01466,0,0,Completed
c01467,0,0,Completed
c01468,0,0,Completed
c01469,0,0,Completed
c01470,0,0,Completed
c01471,0,0,Completed
c01472,0,0,Completed
c01473,0,0,Completed
c01474,0,0,Completed
c01475,0,0,Completed
c01476,0,0,Completed
c01477,0,0,Completed
c01478,0,0,Completed
c01479,0,0,Completed
c01480,0,0,Completed
c01481,0,0,Completed
c01482,0,0,Completed
c01483,0,0,Completed
c01484,0,0,Completed
c01485,0,0,Completed
c01486,0,0,Completed
c01487,0,0,Completed
c01488,0,0,Completed
c01489,0,0,Completed
c01490,0,0,Completed
c01491,0,0,Completed
c01492,0,0,Completed
c01493,0,0,Completed
c01494,0,0,Completed
c01495,0,0,Completed
c01496,0,0,Completed
c01497,0,0,Completed
c01498,0,0,Completed
c01499,0,0,Completed
c01500,0,0,Completed
c01501,0,0,Completed
c01502,0,0,Completed
c01503,0,0,Completed
c01504,0,0,Completed
c01505,0,0,Completed
c01506,0,0,Completed
c01507,0,0,Completed
c01508,0,0,Completed
c01509,0,0,Completed
c01510,0,0,Completed
c01511,0,0,Completed
c01512,0,0,Completed
c01513,0,0,Completed
c01514,0,0,Completed
c01515,0,0,Completed
c01516,0,0,Completed
c01517,0,0,Completed
c01518,0,0,Completed
c01519,0,0,Completed
c01520,0,0,Completed
c01521,0,0,Completed
c01522,0,0,Completed
c01523,0,0,Completed
c01524,0,0,Completed
c01525,0,0,Completed
c01526,0,0,Completed
c01527,0,0,Completed
c01528,0,0,Completed
c01529,0,0,Completed
c01530,0,0,Completed
c01531,0,0,Completed
c01532,0,0,Completed
c01533,0,0,Completed
c01534,0,0,Completed
c01535,0,0,Completed
c01536,0,0,Completed
c01537,0,0,Completed
c01538,0,0,Completed
c01539,0,0,Completed
c01540,0,0,Completed
c01541,0,0,Completed
c01542,0,0,Completed
c01543,0,0,Completed
c01544,0,0,Completed
c01545,0,1,Agent
c01546,0,0,Completed
c01547,0,0,Completed
c01548,0,0,Completed
c01549,0,0,Completed
c01550,0,0,Completed
c01551,0,0,Completed
c01552,0,0,Completed
c01553,0,0,Completed
c01554,0,0,Completed
c01555,0,0,Completed
c01556,0,0,Completed
c01557,0,0,Completed
c01558,0,0,Completed
c01559,0,0,Completed
c01560,0,0,Transferred
c01561,0,0,Completed
c01562,0,0,Completed
c01563,0,0,Completed
c01564,0,0,Transferred
c01565,0,0,Completed
c01566,0,0,Completed
c01567,0,0,Completed
c01568,0,0,Completed
c01569,0,0,Completed
c01570,0,0,Completed
c01571,0,0,Completed
c01572,0,0,Completed
c01573,0,0,Completed
c01574,0,0,Completed
c01575,0,0,Completed
c01576,0,0,Completed
c01577,0,0,Completed
c01578,0,0,Completed
c01579,0,0,Completed
c01580,0,0,Completed
c01581,0,0,Transferred
c01582,0,0,Completed
c01583,0,0,Completed
c01584,0,0,Completed
c01585,0,0,Completed
c01586,0,0,Completed
c01587,0,0,Completed
c01588,0,0,Completed
c01589,0,0,Completed
c01590,0,0,Completed
c01591,0,0,Completed
c01592,0,0,Completed
c01593,0,0,Completed
c01594,0,1,Agent
c01595,0,0,Completed
c01596,0,0,Completed
c01597,0,0,Completed
c01598,0,0,Completed
c01599,0,0,Completed
c01600,0,0,Completed
c01601,0,0,Completed
c01602,0,0,Completed
c01603,0,0,Completed
c01604,0,0,Completed
c01605,0,0,Transferred
c01606,0,0,Transferred
c01607,0,0,Completed
c01608,0,0,Completed
c01609,0,0,Completed
c01610,0,0,Completed
c01611,0,0,Completed
c01612,0,0,Completed
c01613,0,0,Completed
c01614,0,0,Completed
c01615,0,0,Completed
c01616,0,0,Completed
c01617,0,0,Completed
c01618,0,0,Completed
c01619,0,0,Completed
c01620,0,0,Completed
c01621,0,0,Completed
c01622,0,0,Completed
c01623,0,0,Completed
c01624,0,0,Completed
c01625,1,0,Agent
c01626,0,0,Completed
c01627,0,0,Completed
c01628,0,0,Completed
c01629,0,0,Completed
c01630,0,0,Completed
c01631,0,0,Completed
c01632,0,0,Completed
c01633,0,0,Completed
c01634,0,0,Completed
c01635,0,0,Completed
c01636,0,0,Completed
c01637,0,0,Completed
c01638,0,0,Completed
c01639,0,0,Completed
c01640,0,0,Completed
c01641,0,0,Completed
c01642,0,0,Completed
c01643,0,0,Completed
c01644,0,0,Completed
c01645,0,0,Completed
c01646,0,0,Completed
c01647,0,0,Completed
c01648,0,0,Completed
c01649,0,0,Completed
c01650,0,0,Completed
c01651,0,0,Completed
c01652,0,0,Completed
c01653,0,1,Agent
c01654,0,0,Completed
c01655,0,0,Completed
c01656,0,0,Completed
c01657,0,0,Transferred
c01658,0,0,Completed
c01659,0,0,Completed
c01660,0,0,Completed
c01661,0,0,Completed
c01662,0,0,Completed
c01663,0,0,Completed
c01664,0,0,Completed
c01665,0,0,Completed
c01666,0,0,Completed
c01667,0,0,Completed
c01668,0,0,Completed
c01669,0,0,Completed
c01670,0,0,Completed
c01671,0,0,Completed
c01672,0,0,Completed
c01673,0,0,Completed
c01674,0,0,Completed
c01675,0,0,Completed
c01676,0,0,Completed
c01677,0,0,Completed
c01678,0,0,Completed
c01679,0,0,Completed
c01680,0,0,Completed
c01681,0,0,Completed
c01682,0,0,Completed
c01683,0,0,Transferred
c01684,0,0,Completed
c01685,0,0,Completed
c01686,0,0,Completed
c01687,0,0,Completed
c01688,0,0,Completed
c01689,0,0,Transferred
c01690,0,0,Completed
c01691,0,0,Completed
c01692,0,0,Completed
c01693,0,0,Completed
c01694,0,0,Completed
c01695,0,0,Completed
c01696,0,0,Completed
c01697,0,0,Completed
c01698,0,0,Completed
c01699,0,0,Completed
c01700,0,0,Completed
c01701,0,0,Completed
c01702,0,0,Completed
c01703,0,0,Completed
c01704,0,0,Completed
c01705,0,0,Completed
c01706,0,0,Completed
c01707,0,0,Completed
c01708,0,0,Completed
c01709,0,0,Completed
c01710,0,0,Completed
c01711,0,0,Completed
c01712,0,0,Completed
c01713,0,0,Completed
c01714,0,0,Completed
c01715,0,0,Completed
c01716,0,0,Completed
c01717,0,0,Completed
c01718,0,0,Completed
c01719,0,0,Completed
c01720,0,0,Completed
c01721,0,0,Transferred
c01722,0,0,Completed
c01723,0,0,Completed
c01724,0,0,Completed
c01725,0,0,Completed
c01726,0,0,Completed
c01727,0,0,Completed
c01728,0,0,Completed
c01729,0,1,Agent
c01730,0,0,Completed
c01731,0,0,Completed
c01732,0,0,Completed
c01733,0,0,Completed
c01734,0,0,Completed
c01735,0,0,Completed
c01736,0,0,Completed
c01737,0,0,Completed
c01738,0,0,Completed
c01739,0,0,Completed
c01740,0,0,Completed
c01741,0,0,Completed
c01742,0,0,Completed
c01743,0,0,Completed
c01744,0,0,Completed
c01745,0,0,Transferred
c01746,0,1,Agent
c01747,0,0,Completed
c01748,0,0,Completed
c01749,0,0,Completed
c01750,0,0,Completed
c01751,0,0,Completed
c01752,0,1,Agent
c01753,0,0,Completed
c01754,0,0,Completed
c01755,0,0,Completed
c01756,0,0,Completed
c01757,0,0,Completed
c01758,0,0,Completed
c01759,0,0,Transferred
c01760,0,0,Completed
c01761,0,0,Completed
c01762,0,0,Completed
c01763,0,0,Completed
c01764,0,0,Completed
c01765,0,0,Completed
c01766,0,0,Completed
c01767,0,1,Agent
c01768,0,0,Completed
c01769,0,0,Completed
c01770,0,0,Completed
c01771,0,0,Completed
c01772,0,0,Completed
c01773,0,0,Completed
c01774,0,0,Completed
c01775,0,0,Completed
c01776,0,0,Completed
c01777,0,0,Completed
c01778,0,0,Completed
c01779,0,0,Completed
c01780,0,0,Completed
c01781,0,0,Completed
c01782,0,0,Completed
c01783,0,0,Completed
c01784,0,0,Completed
c01785,0,0,Completed
c01786,0,0,Completed
c01787,0,0,Completed
c01788,0,0,Completed
c01789,0,0,Completed
c01790,0,0,Completed
c01791,0,0,Completed
c01792,0,0,Completed
c01793,0,0,Completed
c01794,0,0,Completed
c01795,0,0,Completed
c01796,0,0,Completed
c01797,0,0,Completed
c01798,0,0,Completed
c01799,0,0,Completed
c01800,0,0,Completed
c01801,0,0,Completed
c01802,0,0,Completed
c01803,0,0,Completed
c01804,0,0,Completed
c01805,0,0,Completed
c01806,0,0,Completed
c01807,0,0,Completed
c01808,0,0,Completed
c01809,0,0,Completed
c01810,0,0,Completed
c01811,0,0,Completed
c01812,0,0,Completed
c01813,0,0,Completed
c01814,0,0,Completed
c01815,0,0,Completed
c01816,0,0,Completed
c01817,0,0,Completed
c01818,0,0,Completed
c01819,0,0,Completed
c01820,0,0,Completed
c01821,0,0,Completed
c01822,0,0,Completed
c01823,0,0,Completed
c01824,0,0,Completed
c01825,0,0,Completed
c01826,0,0,Completed
c01827,0,0,Completed
c01828,0,0,Completed
c01829,0,0,Completed
c01830,0,0,Completed
c01831,0,0,Completed
c01832,0,0,Completed
c01833,0,1,Agent
c01834,0,0,Completed
c01835,0,0,Completed
c01836,0,0,Completed
c01837,0,0,Completed
c01838,0,0,Completed
c01839,0,0,Completed
c01840,0,0,Completed
c01841,0,0,Completed
c01842,0,0,Completed
c01843,0,0,Completed
c01844,0,0,Completed
c01845,0,0,Completed
c01846,0,0,Completed
c01847,0,0,Completed
c01848,0,0,Completed
c01849,0,0,Completed
c01850,0,0,Completed
c01851,0,0,Completed
c01852,0,0,Completed
c01853,0,0,Completed
c01854,0,0,Completed
c01855,0,0,Completed
c01856,0,0,Completed
c01857,0,0,Completed
c01858,0,0,Completed
c01859,0,0,Completed
c01860,0,0,Completed
c01861,0,0,Completed
c01862,0,0,Completed
c01863,0,0,Completed
c01864,0,0,Completed
c01865,0,0,Completed
c01866,0,0,Completed
c01867,0,0,Completed
c01868,0,0,Completed
c01869,0,0,Completed
c01870,0,0,Completed
c01871,0,0,Completed
c01872,0,0,Completed
c01873,0,0,Completed
c01874,0,0,Completed
c01875,0,0,Completed
c01876,0,0,Completed
c01877,0,0,Completed
c01878,0,0,Completed
c01879,0,0,Completed
c01880,0,0,Completed
c01881,0,0,Completed
c01882,0,1,Agent
c01883,0,0,Completed
c01884,0,0,Completed
c01885,0,0,Completed
c01886,0,0,Completed
c01887,0,0,Completed
c01888,0,0,Completed
c01889,0,0,Completed
c01890,0,0,Completed
c01891,0,0,Completed
c01892,0,0,Completed
c01893,0,0,Completed
c01894,0,0,Completed
c01895,0,0,Completed
c01896,0,0,Completed
c01897,0,0,Completed
c01898,0,0,Completed
c01899,0,0,Completed
c01900,0,0,Completed
c01901,0,0,Completed
c01902,0,0,Completed
c01903,0,0,Transferred
c01904,0,0,Completed
c01905,0,0,Completed
c01906,0,0,Completed
c01907,0,0,Completed
c01908,0,0,Completed
c01909,0,0,Completed
c01910,0,0,Completed
c01911,0,0,Completed
c01912,0,0,Transferred
c01913,0,0,Completed
c01914,0,0,Completed
c01915,0,0,Completed
c01916,0,0,Completed
c01917,0,0,Completed
c01918,0,0,Completed
c01919,0,0,Transferred
c01920,0,0,Completed
c01921,0,0,Completed
c01922,0,0,Completed
c01923,0,0,Completed
c01924,0,0,Completed
c01925,0,0,Completed
c01926,0,0,Completed
c01927,0,0,Completed
c01928,0,0,Completed
c01929,0,0,Transferred
c01930,0,0,Completed
c01931,0,0,Completed
c01932,0,0,Completed
c01933,0,0,Completed
c01934,0,0,Completed
c01935,0,0,Completed
c01936,0,0,Completed
c01937,0,0,Completed
c01938,0,0,Completed
c01939,0,0,Completed
c01940,0,0,Completed
c01941,0,0,Completed
c01942,0,1,Agent
c01943,0,0,Completed
c01944,0,0,Completed
c01945,0,0,Completed
c01946,0,0,Completed
c01947,0,0,Completed
c01948,0,0,Completed
c01949,0,0,Completed
c01950,0,0,Completed
c01951,0,0,Completed
c01952,0,0,Completed
c01953,0,0,Completed
c01954,0,0,Completed
c01955,0,0,Completed
c01956,0,0,Completed
c01957,0,0,Completed
c01958,0,0,Completed
c01959,0,0,Completed
c01960,0,0,Completed
c01961,0,0,Completed
c01962,0,0,Completed
c01963,0,0,Completed
c01964,0,0,Completed
c01965,0,0,Completed
c01966,0,0,Completed
c01967,0,0,Completed
c01968,0,0,Completed
c01969,0,0,Completed
c01970,0,0,Completed
c01971,0,0,Completed
c01972,0,0,Completed
c01973,0,0,Completed
c01974,0,0,Completed
c01975,0,0,Completed
c01976,0,0,Transferred
c01977,0,0,Completed
c01978,0,0,Completed
c01979,0,0,Completed
c01980,0,0,Completed
c01981,0,0,Completed
c01982,0,0,Completed
c01983,0,0,Completed
c01984,0,0,Completed
c01985,0,0,Completed
c01986,0,0,Completed
c01987,0,0,Completed
c01988,0,0,Completed
c01989,0,0,Completed
c01990,0,0,Completed
c01991,0,0,Completed
c01992,0,0,Completed
c01993,0,0,Completed
c01994,0,0,Completed
c01995,0,0,Completed
c01996,0,0,Completed
c01997,0,0,Transferred
c01998,0,0,Transferred
c01999,0,0,Completed
c02000,0,0,Completed
c02001,0,0,Completed
c02002,0,0,Transferred
c02003,0,0,Completed
c02004,0,0,Completed
c02005,0,0,Completed
c02006,0,0,Completed
c02007,0,0,Completed
c02008,0,0,Completed
c02009,0,0,Completed
c02010,0,0,Completed
c02011,0,0,Completed
c02012,0,0,Completed
c02013,0,0,Completed
c02014,0,0,Completed
c02015,0,0,Completed
c02016,0,0,Completed
c02017,0,0,Completed
c02018,1,0,Agent
c02019,0,0,Completed
c02020,0,0,Completed
c02021,0,0,Completed
c02022,0,0,Completed
c02023,0,0,Completed
c02024,0,0,Completed
c02025,0,0,Completed
c02026,0,0,Completed
c02027,0,0,Completed
c02028,0,0,Completed
c02029,0,0,Completed
c02030,0,0,Completed
c02031,0,0,Completed
c02032,0,0,Completed
c02033,0,0,Completed
c02034,0,0,Completed
c02035,0,0,Completed
c02036,0,0,Transferred
c02037,0,0,Completed
c02038,0,0,Completed
c02039,0,0,Completed
c02040,0,0,Completed
c02041,0,0,Completed
c02042,0,0,Completed
c02043,0,0,Completed
c02044,0,0,Completed
c02045,0,0,Completed
c02046,0,0,Completed
c02047,0,0,Transferred
c02048,0,0,Transferred
c02049,0,0,Completed
c02050,0,0,Completed
c02051,0,0,Completed
c02052,0,0,Completed
c02053,0,0,Completed
c02054,0,0,Completed
c02055,0,0,Completed
c02056,0,0,Completed
c02057,0,0,Completed
c02058,0,0,Completed
c02059,0,0,Transferred
c02060,0,0,Completed
c02061,0,0,Completed
c02062,0,0,Completed
c02063,0,0,Completed
c02064,0,0,Completed
c02065,0,0,Completed
c02066,0,0,Completed
c02067,0,0,Completed
c02068,0,0,Completed
c02069,0,0,Completed
c02070,0,0,Completed
c02071,0,0,Completed
c02072,0,0,Completed
c02073,0,0,Transferred
c02074,0,0,Completed
c02075,0,0,Completed
c02076,0,0,Completed
c02077,0,0,Completed
c02078,0,0,Completed
c02079,0,0,Completed
c02080,0,0,Completed
c02081,0,0,Completed
c02082,0,0,Completed
c02083,0,0,Completed
c02084,0,0,Completed
c02085,0,0,Completed
c02086,0,0,Completed
c02087,0,0,Completed
c02088,0,0,Completed
c02089,0,0,Completed
c02090,0,0,Completed
c02091,0,1,Agent
c02092,0,0,Completed
c02093,0,0,Completed
c02094,0,0,Completed
c02095,0,0,Completed
c02096,0,0,Completed
c02097,0,0,Completed
c02098,0,0,Completed
c02099,0,0,Completed
c02100,0,0,Completed
c02101,0,0,Completed
c02102,0,0,Completed
c02103,0,0,Completed
c02104,0,0,Completed
c02105,0,0,Completed
c02106,0,0,Completed
c02107,0,0,Completed
c02108,0,0,Completed
c02109,0,0,Completed
c02110,0,0,Completed
c02111,0,0,Completed
c02112,0,0,Transferred
c02113,0,0,Completed
c02114,0,0,Completed
c02115,0,0,Completed
c02116,0,0,Completed
c02117,0,0,Completed
c02118,0,0,Completed
c02119,0,0,Completed
c02120,0,0,Completed
c02121,0,0,Completed
c02122,0,0,Completed
c02123,0,0,Completed
c02124,0,0,Completed
c02125,0,0,Completed
c02126,0,0,Completed
c02127,0,0,Completed
c02128,0,0,Completed
c02129,0,0,Completed
c02130,0,0,Completed
c02131,0,0,Completed
c02132,0,0,Completed
c02133,0,0,Completed
c02134,0,0,Completed
c02135,0,0,Completed
c02136,0,0,Completed
c02137,0,0,Completed
c02138,0,0,Completed
c02139,0,0,Completed
c02140,0,0,Completed
c02141,0,0,Completed
c02142,0,0,Completed
c02143,0,0,Completed
c02144,0,0,Completed
c02145,0,0,Completed
c02146,0,0,Completed
c02147,0,0,Completed
c02148,0,0,Completed
c02149,0,0,Completed
c02150,0,0,Completed
c02151,0,0,Completed
c02152,0,0,Completed
c02153,0,0,Completed
c02154,0,0,Completed
c02155,0,0,Completed
c02156,0,0,Transferred
c02157,0,0,Transferred
c02158,0,0,Completed
c02159,0,0,Completed
c02160,0,0,Completed
c02161,0,0,Completed
c02162,0,0,Completed
c02163,0,0,Completed
c02164,0,0,Completed
c02165,0,0,Completed
c02166,0,0,Transferred
c02167,0,0,Completed
c02168,0,0,Completed
c02169,0,0,Completed
c02170,0,0,Completed
c02171,0,0,Transferred
c02172,0,0,Completed
c02173,0,0,Completed
c02174,0,0,Completed
c02175,0,0,Completed
c02176,0,0,Transferred
c02177,0,0,Completed
c02178,0,0,Completed
c02179,0,0,Completed
c02180,0,1,Agent
c02181,0,0,Completed
c02182,0,0,Completed
c02183,0,0,Completed
c02184,0,0,Completed
c02185,0,0,Completed
c02186,0,0,Completed
c02187,0,0,Completed
c02188,0,0,Completed
c02189,0,0,Completed
c02190,0,0,Completed
c02191,0,0,Completed
c02192,0,0,Completed
c02193,0,0,Completed
c02194,0,0,Completed
c02195,0,0,Completed
c02196,0,0,Completed
c02197,0,0,Completed
c02198,0,0,Completed
c02199,0,0,Completed
c02200,0,0,Completed
c02201,0,0,Completed
c02202,0,0,Completed
c02203,0,0,Transferred
c02204,0,0,Transferred
c02205,0,0,Completed
c02206,0,0,Completed
c02207,0,0,Completed
c02208,0,0,Completed
c02209,0,0,Completed
c02210,0,1,Agent
c02211,0,0,Transferred
c02212,0,0,Completed
c02213,0,0,Completed
c02214,0,0,Completed
c02215,0,0,Completed
c02216,0,0,Completed
c02217,0,0,Completed
c02218,0,0,Completed
c02219,0,0,Completed
c02220,0,0,Completed
c02221,0,0,Completed
c02222,0,0,Completed
c02223,0,0,Completed
c02224,0,0,Completed
c02225,0,0,Transferred
c02226,0,0,Completed
c02227,0,0,Completed
c02228,0,0,Completed
c02229,0,0,Completed
c02230,0,0,Completed
c02231,0,0,Completed
c02232,0,0,Completed
c02233,0,0,Completed
c02234,0,0,Completed
c02235,0,0,Completed
c02236,0,0,Completed
c02237,0,0,Transferred
c02238,0,0,Completed
c02239,0,0,Completed
c02240,0,0,Completed
c02241,0,0,Completed
c02242,0,0,Completed
c02243,0,0,Transferred
c02244,0,0,Completed
c02245,0,0,Completed
c02246,0,0,Completed
c02247,0,0,Completed
c02248,1,0,Agent
c02249,0,0,Transferred
c02250,0,0,Completed
c02251,0,0,Completed
c02252,0,0,Completed
c02253,0,0,Completed
c02254,0,0,Completed
c02255,0,0,Completed
c02256,0,0,Completed
c02257,0,0,Completed
c02258,0,1,Agent
c02259,0,0,Transferred
c02260,0,0,Completed
c02261,0,0,Completed
c02262,0,0,Completed
c02263,0,0,Completed
c02264,0,0,Completed
c02265,0,0,Completed
c02266,0,0,Completed
c02267,0,0,Completed
c02268,0,0,Completed
c02269,0,0,Completed
c02270,0,0,Completed
c02271,0,0,Completed
c02272,0,0,Completed
c02273,0,1,Agent
c02274,0,0,Completed
c02275,0,0,Completed
c02276,0,0,Completed
c02277,0,0,Completed
c02278,0,0,Completed
c02279,0,0,Completed
c02280,0,0,Completed
c02281,0,0,Completed
c02282,0,0,Completed
c02283,0,0,Completed
c02284,0,0,Completed
c02285,0,0,Completed
c02286,0,0,Completed
c02287,0,0,Completed
c02288,0,0,Completed
c02289,1,0,Agent
c02290,0,0,Completed
c02291,0,0,Completed
c02292,0,0,Completed
c02293,0,0,Completed
c02294,0,0,Completed
c02295,0,0,Completed
c02296,0,0,Completed
c02297,0,0,Completed
c02298,0,0,Completed
c02299,0,0,Transferred
c02300,0,0,Completed
c02301,0,0,Completed
c02302,0,0,Completed
c02303,0,0,Transferred
c02304,0,0,Completed
c02305,0,0,Completed
c02306,0,1,Agent
c02307,0,0,Completed
c02308,0,0,Completed
c02309,0,0,Completed
c02310,0,0,Completed
c02311,0,0,Transferred
c02312,0,0,Completed
c02313,0,0,Completed
c02314,0,0,Completed
c02315,0,0,Completed
c02316,0,0,Completed
c02317,0,0,Completed
c02318,0,0,Completed
c02319,0,0,Completed
c02320,0,0,Completed
c02321,0,0,Completed
c02322,0,0,Completed
c02323,0,0,Completed
c02324,0,0,Completed
c02325,0,0,Completed
c02326,0,0,Completed
c02327,0,0,Completed
c02328,0,0,Completed
c02329,0,0,Completed
c02330,0,0,Completed
c02331,0,0,Completed
c02332,0,0,Completed
c02333,0,0,Completed
c02334,0,0,Completed
c02335,0,0,Completed
c02336,0,0,Completed
c02337,0,0,Completed
c02338,0,0,Completed
c02339,0,0,Completed
c02340,1,0,Agent
c02341,0,0,Completed
c02342,0,0,Completed
c02343,0,0,Completed
c02344,0,0,Completed
c02345,0,0,Completed
c02346,0,0,Completed
c02347,0,0,Transferred
c02348,0,0,Completed
c02349,0,0,Completed
c02350,0,0,Completed
c02351,0,0,Completed
c02352,0,0,Completed
c02353,0,0,Completed
c02354,0,0,Completed
c02355,0,0,Completed
c02356,0,0,Completed
c02357,0,0,Completed
c02358,0,0,Completed
c02359,0,0,Completed
c02360,0,0,Completed
c02361,0,0,Completed
c02362,0,0,Completed
c02363,0,0,Completed
c02364,0,0,Completed
c02365,0,0,Completed
c02366,0,0,Completed
c02367,0,0,Completed
c02368,0,0,Completed
c02369,0,0,Completed
c02370,0,0,Completed
c02371,0,0,Completed
c02372,0,0,Completed
c02373,0,0,Completed
c02374,0,0,Completed
c02375,0,0,Completed
c02376,0,0,Completed
c02377,0,0,Completed
c02378,0,0,Completed
c02379,0,0,Completed
c02380,0,0,Completed
c02381,0,0,Transferred
c02382,0,0,Completed
c02383,0,0,Completed
c02384,0,0,Completed
c02385,0,0,Completed
c02386,0,0,Completed
c02387,0,0,Completed
c02388,0,0,Completed
c02389,0,0,Completed
c02390,0,0,Completed
c02391,0,0,Completed
c02392,0,0,Completed
c02393,0,0,Completed
c02394,0,0,Completed
c02395,1,0,Agent
c02396,0,0,Completed
c02397,0,0,Completed
c02398,0,0,Completed
c02399,0,0,Completed
c02400,0,0,Completed
c02401,0,0,Completed
c02402,0,0,Completed
c02403,0,0,Completed
c02404,0,0,Transferred
c02405,0,0,Completed
c02406,0,0,Completed
c02407,0,0,Completed
c02408,0,0,Completed
c02409,0,0,Transferred
c02410,0,0,Completed
c02411,0,0,Completed
c02412,0,0,Completed
c02413,0,0,Completed
c02414,0,0,Completed
c02415,0,0,Completed
c02416,0,0,Completed
c02417,0,0,Completed
c02418,0,0,Completed
c02419,0,0,Completed
c02420,0,0,Completed
c02421,0,0,Completed
c02422,0,0,Completed
c02423,0,0,Completed
c02424,0,0,Completed
c02425,0,0,Completed
c02426,0,0,Completed
c02427,0,0,Completed
c02428,0,0,Completed
c02429,0,0,Completed
c02430,0,0,Completed
c02431,0,0,Completed
c02432,0,0,Completed
c02433,0,0,Completed
c02434,0,0,Transferred
c02435,0,0,Completed
c02436,0,0,Completed
c02437,0,0,Transferred
c02438,0,0,Completed
c02439,0,0,Completed
c02440,0,0,Completed
c02441,0,0,Completed
c02442,0,0,Completed
c02443,0,0,Completed
c02444,0,0,Completed
c02445,0,0,Completed
c02446,0,0,Completed
c02447,0,0,Completed
c02448,0,0,Completed
c02449,0,0,Completed
c02450,0,0,Completed
c02451,0,0,Completed
c02452,0,0,Completed
c02453,0,0,Completed
c02454,1,0,Agent
c02455,0,0,Completed
c02456,0,0,Completed
c02457,0,0,Completed
c02458,0,1,Agent
c02459,0,0,Completed
c02460,0,0,Completed
c02461,1,0,Agent
c02462,0,0,Completed
c02463,0,0,Completed
c02464,0,0,Completed
c02465,0,0,Completed
c02466,0,0,Completed
c02467,0,0,Completed
c02468,0,0,Completed
c02469,0,0,Completed
c02470,0,0,Completed
c02471,0,0,Completed
c02472,0,0,Completed
c02473,0,0,Completed
c02474,0,0,Completed
c02475,0,0,Transferred
c02476,0,0,Completed
c02477,0,0,Completed
c02478,0,0,Completed
c02479,0,0,Completed
c02480,0,1,Agent
c02481,0,0,Completed
c02482,0,0,Completed
c02483,0,0,Completed
c02484,0,0,Completed
c02485,0,0,Completed
c02486,0,0,Completed
c02487,0,0,Completed
c02488,0,0,Completed
c02489,0,0,Completed
c02490,0,0,Completed
c02491,0,0,Completed
c02492,1,0,Agent
c02493,0,0,Transferred
c02494,0,0,Completed
c02495,0,0,Completed
c02496,0,0,Completed
c02497,0,0,Completed
c02498,1,0,Agent
c02499,0,0,Completed
c02500,0,0,Completed
c02501,0,0,Completed
c02502,0,0,Completed
c02503,0,0,Completed
c02504,0,0,Completed
c02505,0,0,Completed
c02506,0,0,Transferred
c02507,0,0,Completed
c02508,0,0,Completed
c02509,1,0,Agent
c02510,0,0,Completed
c02511,0,0,Completed
c02512,0,0,Completed
c02513,0,0,Completed
c02514,0,0,Completed
c02515,0,0,Completed
c02516,0,0,Completed
c02517,0,0,Completed
c02518,0,0,Completed
c02519,0,0,Completed
c02520,0,0,Completed
c02521,0,0,Completed
c02522,0,0,Completed
c02523,0,0,Completed
c02524,0,0,Completed
c02525,0,0,Completed
c02526,0,0,Completed
c02527,0,0,Completed
c02528,0,0,Completed
c02529,0,0,Transferred
c02530,0,0,Completed
c02531,0,0,Completed
c02532,0,0,Completed
c02533,0,0,Completed
c02534,0,0,Completed
c02535,0,0,Completed
c02536,0,0,Completed
c02537,0,0,Completed
c02538,0,0,Completed
c02539,0,0,Completed
c02540,0,0,Completed
c02541,0,0,Completed
c02542,0,0,Completed
c02543,0,0,Completed
c02544,0,0,Completed
c02545,0,0,Completed
c02546,0,0,Completed
c02547,0,0,Completed
c02548,0,0,Completed
c02549,0,0,Completed
c02550,0,0,Completed
c02551,0,0,Completed
c02552,0,0,Completed
c02553,0,0,Completed
c02554,0,0,Completed
c02555,0,0,Completed
c02556,0,0,Completed
c02557,0,0,Completed
c02558,0,0,Completed
c02559,0,0,Completed
c02560,0,0,Transferred
c02561,0,0,Completed
c02562,0,0,Completed
c02563,0,0,Completed
c02564,0,0,Completed
c02565,0,0,Completed
c02566,0,0,Completed
c02567,0,0,Completed
c02568,0,0,Completed
c02569,0,0,Completed
c02570,0,0,Completed
c02571,0,0,Completed
c02572,0,0,Completed
c02573,0,0,Completed
c02574,0,0,Completed
c02575,0,0,Completed
c02576,0,0,Completed
c02577,0,1,Agent
c02578,0,0,Completed
c02579,0,0,Completed
c02580,0,0,Completed
c02581,0,0,Completed
c02582,0,0,Transferred
c02583,0,0,Completed
c02584,0,0,Completed
c02585,0,0,Completed
c02586,0,0,Completed
c02587,0,0,Completed
c02588,0,0,Completed
c02589,0,0,Completed
c02590,0,0,Completed
c02591,0,0,Completed
c02592,0,0,Completed
c02593,0,0,Completed
c02594,0,0,Completed
c02595,0,0,Completed
c02596,1,0,Agent
c02597,0,0,Completed
c02598,0,0,Completed
c02599,0,0,Completed
c02600,0,0,Completed
c02601,0,0,Completed
c02602,0,0,Completed
c02603,0,0,Completed
c02604,0,0,Completed
c02605,0,0,Completed
c02606,0,0,Completed
c02607,0,0,Transferred
c02608,0,0,Completed
c02609,0,0,Completed
c02610,0,0,Completed
c02611,0,0,Completed
c02612,0,0,Completed
c02613,0,0,Completed
c02614,0,0,Transferred
c02615,0,0,Completed
c02616,0,0,Completed
c02617,0,0,Completed
c02618,0,0,Completed
c02619,0,0,Completed
c02620,0,0,Completed
c02621,0,0,Completed
c02622,0,0,Transferred
c02623,0,0,Completed
c02624,0,0,Completed
c02625,0,0,Completed
c02626,0,0,Completed
c02627,0,0,Completed
c02628,0,0,Completed
c02629,0,0,Completed
c02630,0,0,Completed
c02631,0,0,Completed
c02632,0,0,Completed
c02633,0,0,Completed
c02634,1,0,Agent
c02635,0,0,Completed
c02636,0,1,Agent
c02637,0,0,Completed
c02638,0,0,Completed
c02639,0,0,Completed
c02640,0,0,Completed
c02641,0,0,Completed
c02642,0,0,Completed
c02643,0,0,Completed
c02644,0,0,Completed
c02645,0,0,Completed
c02646,1,0,Agent
c02647,0,0,Completed
c02648,0,0,Transferred
c02649,0,0,Completed
c02650,0,0,Completed
c02651,0,0,Completed
c02652,0,0,Completed
c02653,0,0,Completed
c02654,0,0,Completed
c02655,0,0,Completed
c02656,0,0,Completed
c02657,0,0,Completed
c02658,0,0,Completed
c02659,0,0,Completed
c02660,0,0,Completed
c02661,0,0,Completed
c02662,0,0,Completed
c02663,0,0,Completed
c02664,0,0,Completed
c02665,0,0,Completed
c02666,0,0,Completed
c02667,0,0,Completed
c02668,0,0,Completed
c02669,0,0,Completed
c02670,0,0,Completed
c02671,0,0,Completed
c02672,0,0,Completed
c02673,0,0,Completed
c02674,0,0,Completed
c02675,0,0,Completed
c02676,0,0,Completed
c02677,0,0,Completed
c02678,0,0,Completed
c02679,0,0,Completed
c02680,0,0,Completed
c02681,0,0,Completed
c02682,0,0,Completed
c02683,0,0,Completed
c02684,0,0,Completed
c02685,0,0,Completed
c02686,0,0,Completed
c02687,0,0,Completed
c02688,0,0,Completed
c02689,0,0,Completed
c02690,0,0,Completed
c02691,0,0,Completed
c02692,0,0,Completed
c02693,0,0,Completed
c02694,0,0,Completed
c02695,0,0,Completed
c02696,0,0,Completed
c02697,0,0,Completed
c02698,0,0,Completed
c02699,0,0,Completed
c02700,0,0,Completed
c02701,0,0,Transferred
c02702,0,0,Completed
c02703,0,0,Completed
c02704,0,0,Completed
c02705,0,0,Completed
c02706,0,0,Completed
c02707,0,0,Completed
c02708,0,0,Completed
c02709,0,0,Transferred
c02710,0,0,Transferred
c02711,0,0,Completed
c02712,0,0,Completed
c02713,0,0,Completed
c02714,0,0,Completed
c02715,0,0,Completed
c02716,0,0,Completed
c02717,0,0,Completed
c02718,0,0,Completed
c02719,0,0,Completed
c02720,0,0,Completed
c02721,0,0,Completed
c02722,0,0,Completed
c02723,0,0,Completed
c02724,0,0,Completed
c02725,1,0,Agent
c02726,0,0,Completed
c02727,0,0,Completed
c02728,0,0,Completed
c02729,0,0,Completed
c02730,0,1,Agent
c02731,0,0,Completed
c02732,0,1,Agent
c02733,0,0,Completed
c02734,0,0,Completed
c02735,0,0,Completed
c02736,0,0,Completed
c02737,0,0,Completed
c02738,0,0,Completed
c02739,0,0,Completed
c02740,0,0,Completed
c02741,0,0,Completed
c02742,0,0,Completed
c02743,0,0,Completed
c02744,0,0,Completed
c02745,0,0,Completed
c02746,0,0,Completed
c02747,0,0,Transferred
c02748,0,0,Completed
c02749,0,0,Completed
c02750,0,0,Completed
c02751,0,0,Completed
c02752,0,0,Completed
c02753,0,0,Completed
c02754,0,0,Completed
c02755,0,0,Completed
c02756,0,0,Completed
c02757,0,0,Completed
c02758,0,0,Completed
c02759,0,0,Completed
c02760,0,0,Completed
c02761,0,0,Completed
c02762,0,0,Transferred
c02763,0,0,Completed
c02764,0,0,Completed
c02765,0,0,Completed
c02766,0,0,Completed
c02767,0,0,Completed
c02768,0,0,Completed
c02769,0,0,Completed
c02770,0,0,Completed
c02771,0,0,Completed
c02772,0,0,Completed
c02773,0,0,Completed
c02774,0,0,Completed
c02775,0,0,Completed
c02776,0,0,Completed
c02777,0,0,Completed
c02778,0,0,Completed
c02779,0,0,Completed
c02780,0,0,Completed
c02781,0,0,Completed
c02782,0,0,Completed
c02783,0,0,Completed
c02784,0,0,Completed
c02785,0,0,Completed
c02786,0,0,Completed
c02787,0,0,Completed
c02788,0,0,Completed
c02789,0,0,Completed
c02790,0,0,Completed
c02791,0,0,Completed
c02792,0,0,Completed
c02793,0,0,Completed
c02794,0,0,Completed
c02795,0,0,Completed
c02796,0,0,Completed
c02797,0,0,Completed
c02798,0,0,Transferred
c02799,0,0,Completed
c02800,0,0,Completed
c02801,0,0,Completed
c02802,0,0,Completed
c02803,0,0,Completed
c02804,0,0,Completed
c02805,0,0,Completed
c02806,0,0,Completed
c02807,0,0,Completed
c02808,0,0,Transferred
c02809,0,0,Completed
c02810,0,0,Completed
c02811,0,0,Completed
c02812,0,0,Completed
c02813,0,0,Completed
c02814,0,0,Completed
c02815,0,0,Completed
c02816,0,0,Completed
c02817,0,1,Agent
c02818,0,0,Completed
c02819,0,0,Transferred
c02820,0,0,Completed
c02821,0,0,Completed
c02822,0,0,Completed
c02823,0,0,Completed
c02824,0,0,Completed
c02825,0,0,Completed
c02826,0,0,Completed
c02827,0,0,Completed
c02828,0,0,Completed
c02829,0,0,Completed
c02830,0,0,Transferred
c02831,0,0,Completed
c02832,0,0,Completed
c02833,0,0,Completed
c02834,0,0,Completed
c02835,0,0,Completed
c02836,1,0,Agent
c02837,0,0,Completed
c02838,0,0,Completed
c02839,0,0,Completed
c02840,0,0,Completed
c02841,0,0,Transferred
c02842,0,0,Completed
c02843,0,0,Completed
c02844,0,0,Completed
c02845,0,0,Completed
c02846,0,0,Completed
c02847,0,0,Completed
c02848,0,0,Completed
c02849,0,0,Completed
c02850,0,0,Completed
c02851,0,0,Completed
c02852,0,0,Completed
c02853,0,0,Completed
c02854,0,0,Completed
c02855,0,0,Completed
c02856,0,0,Completed
c02857,0,0,Completed
c02858,0,0,Completed
c02859,0,0,Completed
c02860,0,0,Completed
c02861,0,0,Completed
c02862,0,0,Transferred
c02863,0,0,Completed
c02864,0,0,Completed
c02865,0,0,Completed
c02866,0,0,Completed
c02867,0,0,Completed
c02868,0,0,Completed
c02869,0,0,Completed
c02870,0,0,Completed
c02871,0,0,Completed
c02872,0,0,Completed
c02873,0,0,Completed
c02874,0,0,Completed
c02875,0,0,Completed
c02876,0,0,Completed
c02877,0,0,Completed
c02878,0,0,Completed
c02879,1,0,Agent
c02880,1,0,Agent
c02881,0,0,Completed
c02882,0,0,Completed
c02883,0,0,Completed
c02884,0,0,Completed
c02885,0,0,Completed
c02886,0,0,Completed
c02887,0,0,Completed
c02888,0,0,Completed
c02889,0,0,Completed
c02890,0,0,Completed
c02891,0,0,Completed
c02892,0,0,Completed
c02893,0,0,Completed
c02894,0,0,Completed
c02895,0,0,Completed
c02896,0,0,Completed
c02897,0,0,Completed
c02898,0,0,Completed
c02899,0,0,Completed
c02900,0,0,Completed
c02901,0,0,Completed
c02902,0,0,Completed
c02903,0,0,Completed
c02904,0,0,Completed
c02905,0,0,Completed
c02906,0,0,Completed
c02907,0,0,Completed
c02908,0,0,Completed
c02909,0,0,Completed
c02910,0,0,Completed
c02911,0,0,Transferred
c02912,0,0,Completed
c02913,0,0,Completed
c02914,0,0,Completed
c02915,0,0,Completed
c02916,0,0,Completed
c02917,0,0,Completed
c02918,0,0,Completed
c02919,0,0,Completed
c02920,0,0,Completed
c02921,0,0,Completed
c02922,0,0,Completed
c02923,0,0,Completed
c02924,0,0,Completed
c02925,0,0,Completed
c02926,0,0,Completed
c02927,1,0,Agent
c02928,0,1,Agent
c02929,0,0,Completed
c02930,0,0,Completed
c02931,0,0,Completed
c02932,0,0,Completed
c02933,0,0,Completed
c02934,0,0,Completed
c02935,0,0,Completed
c02936,0,0,Completed
c02937,0,0,Completed
c02938,0,0,Completed
c02939,0,0,Completed
c02940,0,0,Completed
c02941,0,0,Completed
c02942,0,1,Agent
c02943,0,0,Completed
c02944,0,0,Completed
c02945,0,0,Completed
c02946,0,0,Completed
c02947,0,0,Completed
c02948,0,0,Completed
c02949,0,0,Completed
c02950,0,0,Transferred
c02951,0,0,Completed
c02952,0,0,Completed
c02953,0,0,Completed
c02954,0,0,Completed
c02955,0,0,Completed
c02956,0,0,Completed
c02957,0,0,Completed
c02958,0,0,Completed
c02959,0,0,Completed
c02960,0,0,Completed
c02961,0,0,Transferred
c02962,0,0,Completed
c02963,0,0,Completed
c02964,0,0,Completed
c02965,0,0,Completed
c02966,0,0,Completed
c02967,0,0,Completed
c02968,0,0,Completed
c02969,0,0,Completed
c02970,0,0,Completed
c02971,0,0,Completed
c02972,0,0,Completed
c02973,0,0,Completed
c02974,0,0,Completed
c02975,0,0,Completed
c02976,0,0,Completed
c02977,0,0,Completed
c02978,0,0,Transferred
c02979,0,0,Completed
c02980,0,0,Transferred
c02981,0,0,Completed
c02982,0,0,Completed
c02983,0,0,Completed
c02984,0,0,Completed
c02985,0,0,Completed
c02986,0,0,Completed
c02987,0,0,Completed
c02988,0,0,Completed
c02989,0,0,Completed
c02990,0,0,Completed
c02991,0,0,Completed
c02992,0,0,Completed
c02993,0,0,Completed
c02994,0,0,Completed
c02995,0,0,Completed
c02996,0,0,Completed
c02997,0,0,Completed
c02998,0,0,Completed
c02999,0,0,Completed
c03000,0,0,Completed
